active_attack_steps,ally_deaths,attack_actions,engagement_detected,episode_id,episode_length,episode_seed,focus_fire_success,medivac_heal,method,onset,schema_version,shared_attackers,suite,target_switches,target_tag,time_to_kill,training_seed,unique_targets
3,0,14,True,0,24,2718281,True,False,monokan,4,smacv1-case-study-v2,4,smacv1,12,4297326593,3,1,2
3,0,14,True,1,26,2718282,True,False,monokan,4,smacv1-case-study-v2,4,smacv1,11,4297326593,3,1,1
3,0,14,True,2,26,2718283,True,False,monokan,4,smacv1-case-study-v2,4,smacv1,11,4297326593,3,1,1
3,0,13,True,3,23,2718284,True,False,monokan,4,smacv1-case-study-v2,4,smacv1,9,4297326593,3,1,1
3,0,14,True,4,27,2718285,True,False,monokan,4,smacv1-case-study-v2,4,smacv1,9,4297326593,3,1,1
9,2,31,True,5,18,2718286,False,False,monokan,4,smacv1-case-study-v2,2,smacv1,12,4297326593,,1,6
6,1,25,True,6,22,2718287,True,False,monokan,5,smacv1-case-study-v2,5,smacv1,12,4297064449,6,1,3
3,0,13,True,7,26,2718288,True,False,monokan,4,smacv1-case-study-v2,4,smacv1,11,4297326593,3,1,2
6,0,23,True,8,22,2718289,True,False,monokan,5,smacv1-case-study-v2,5,smacv1,13,4297064449,6,1,3
3,0,12,True,9,23,2718290,True,False,monokan,4,smacv1-case-study-v2,4,smacv1,12,4297326593,3,1,1
3,0,12,True,10,23,2718291,True,False,monokan,4,smacv1-case-study-v2,4,smacv1,10,4297326593,3,1,1
3,0,14,True,11,25,2718292,True,False,monokan,4,smacv1-case-study-v2,4,smacv1,11,4297326593,3,1,1
2,0,9,True,12,24,2718293,True,False,monokan,4,smacv1-case-study-v2,4,smacv1,13,4297326593,2,1,1
3,0,14,True,13,29,2718294,True,False,monokan,4,smacv1-case-study-v2,4,smacv1,10,4297326593,3,1,3
3,0,13,True,14,27,2718295,True,False,monokan,4,smacv1-case-study-v2,4,smacv1,11,4297326593,3,1,1
3,0,12,True,15,24,2718296,True,False,monokan,4,smacv1-case-study-v2,4,smacv1,12,4297326593,3,1,1
3,0,14,True,16,29,2718297,True,False,monokan,4,smacv1-case-study-v2,4,smacv1,10,4297326593,3,1,1
9,1,32,True,17,20,2718298,False,False,monokan,4,smacv1-case-study-v2,2,smacv1,13,4297326593,,1,6
3,0,13,True,18,25,2718299,True,False,monokan,4,smacv1-case-study-v2,4,smacv1,10,4297326593,3,1,1
3,0,13,True,19,26,2718300,True,False,monokan,4,smacv1-case-study-v2,4,smacv1,11,4297326593,3,1,3
3,0,14,True,20,24,2718301,True,False,monokan,4,smacv1-case-study-v2,4,smacv1,11,4297326593,3,1,1
3,0,12,True,21,31,2718302,True,False,monokan,4,smacv1-case-study-v2,4,smacv1,11,4297326593,3,1,1
3,0,14,True,22,24,2718303,True,False,monokan,4,smacv1-case-study-v2,4,smacv1,10,4297326593,3,1,1
3,0,14,True,23,23,2718304,True,False,monokan,4,smacv1-case-study-v2,4,smacv1,10,4297326593,3,1,1
3,0,13,True,24,23,2718305,True,False,monokan,4,smacv1-case-study-v2,4,smacv1,14,4297326593,3,1,2
3,0,13,True,25,28,2718306,True,False,monokan,4,smacv1-case-study-v2,4,smacv1,8,4297326593,3,1,1
3,0,13,True,26,28,2718307,True,False,monokan,4,smacv1-case-study-v2,4,smacv1,10,4297326593,3,1,1
3,0,13,True,27,26,2718308,True,False,monokan,4,smacv1-case-study-v2,4,smacv1,12,4297326593,3,1,1
9,0,31,True,28,20,2718309,False,False,monokan,4,smacv1-case-study-v2,2,smacv1,11,4297326593,,1,5
3,0,14,True,29,25,2718310,True,False,monokan,4,smacv1-case-study-v2,4,smacv1,9,4297326593,3,1,2
9,0,31,True,30,22,2718311,False,False,monokan,4,smacv1-case-study-v2,2,smacv1,10,4297326593,,1,5
3,0,14,True,31,29,2718312,True,False,monokan,4,smacv1-case-study-v2,4,smacv1,10,4297326593,3,1,1
2,0,9,True,32,29,2718313,True,False,monokan,4,smacv1-case-study-v2,4,smacv1,13,4297326593,2,1,1
3,0,12,True,33,24,2718314,True,False,monokan,4,smacv1-case-study-v2,4,smacv1,10,4297326593,3,1,1
3,1,14,True,34,24,2718315,True,False,monokan,4,smacv1-case-study-v2,4,smacv1,11,4297326593,3,1,1
3,0,12,True,35,26,2718316,True,False,monokan,4,smacv1-case-study-v2,4,smacv1,12,4297326593,3,1,2
2,0,9,True,36,27,2718317,True,False,monokan,4,smacv1-case-study-v2,4,smacv1,12,4297326593,2,1,1
3,0,12,True,37,23,2718318,True,False,monokan,4,smacv1-case-study-v2,4,smacv1,12,4297326593,3,1,2
3,0,14,True,38,26,2718319,True,False,monokan,4,smacv1-case-study-v2,4,smacv1,10,4297326593,3,1,1
3,0,14,True,39,25,2718320,True,False,monokan,4,smacv1-case-study-v2,4,smacv1,10,4297326593,3,1,1
3,0,13,True,40,26,2718321,True,False,monokan,4,smacv1-case-study-v2,4,smacv1,10,4297326593,3,1,2
3,0,14,True,41,30,2718322,True,False,monokan,4,smacv1-case-study-v2,4,smacv1,9,4297326593,3,1,1
3,0,13,True,42,23,2718323,True,False,monokan,4,smacv1-case-study-v2,4,smacv1,9,4297326593,3,1,1
3,0,14,True,43,27,2718324,True,False,monokan,4,smacv1-case-study-v2,4,smacv1,10,4297326593,3,1,1
3,0,14,True,44,27,2718325,True,False,monokan,4,smacv1-case-study-v2,4,smacv1,10,4297326593,3,1,1
3,0,12,True,45,27,2718326,True,False,monokan,4,smacv1-case-study-v2,4,smacv1,9,4297326593,3,1,1
3,0,14,True,46,24,2718327,True,False,monokan,4,smacv1-case-study-v2,4,smacv1,8,4297326593,3,1,1
3,0,13,True,47,27,2718328,True,False,monokan,4,smacv1-case-study-v2,4,smacv1,13,4297326593,3,1,2
3,0,14,True,48,26,2718329,True,False,monokan,4,smacv1-case-study-v2,4,smacv1,11,4297326593,3,1,2
3,0,14,True,49,25,2718330,True,False,monokan,4,smacv1-case-study-v2,4,smacv1,11,4297326593,3,1,1
3,0,13,True,50,24,2718331,True,False,monokan,4,smacv1-case-study-v2,4,smacv1,12,4297326593,3,1,1
3,0,14,True,51,28,2718332,True,False,monokan,4,smacv1-case-study-v2,4,smacv1,10,4297326593,3,1,1
3,0,14,True,52,24,2718333,True,False,monokan,4,smacv1-case-study-v2,4,smacv1,10,4297326593,3,1,1
6,1,24,True,53,20,2718334,True,False,monokan,5,smacv1-case-study-v2,5,smacv1,12,4297064449,6,1,3
3,0,13,True,54,25,2718335,True,False,monokan,4,smacv1-case-study-v2,4,smacv1,10,4297326593,3,1,1
3,0,13,True,55,30,2718336,True,False,monokan,4,smacv1-case-study-v2,4,smacv1,10,4297326593,3,1,1
3,0,14,True,56,25,2718337,True,False,monokan,4,smacv1-case-study-v2,4,smacv1,12,4297326593,3,1,1
3,0,14,True,57,27,2718338,True,False,monokan,4,smacv1-case-study-v2,4,smacv1,11,4297326593,3,1,1
3,0,12,True,58,29,2718339,True,False,monokan,4,smacv1-case-study-v2,4,smacv1,8,4297326593,3,1,1
3,0,13,True,59,24,2718340,True,False,monokan,4,smacv1-case-study-v2,4,smacv1,10,4297326593,3,1,1
3,0,14,True,60,27,2718341,True,False,monokan,4,smacv1-case-study-v2,4,smacv1,10,4297326593,3,1,1
5,0,19,True,61,23,2718342,True,False,monokan,5,smacv1-case-study-v2,5,smacv1,9,4297064449,5,1,3
3,0,14,True,62,26,2718343,True,False,monokan,4,smacv1-case-study-v2,4,smacv1,10,4297326593,3,1,1
6,1,23,True,63,28,2718344,True,False,monokan,5,smacv1-case-study-v2,5,smacv1,12,4297064449,6,1,4
5,0,20,True,64,21,2718345,True,False,monokan,5,smacv1-case-study-v2,5,smacv1,12,4297064449,5,1,3
3,0,13,True,65,23,2718346,True,False,monokan,4,smacv1-case-study-v2,4,smacv1,10,4297326593,3,1,1
3,0,13,True,66,24,2718347,True,False,monokan,4,smacv1-case-study-v2,4,smacv1,10,4297326593,3,1,1
3,0,13,True,67,27,2718348,True,False,monokan,4,smacv1-case-study-v2,4,smacv1,12,4297326593,3,1,2
4,0,16,True,68,25,2718349,True,False,monokan,4,smacv1-case-study-v2,4,smacv1,10,4297326593,4,1,2
3,1,12,True,69,29,2718350,True,False,monokan,4,smacv1-case-study-v2,4,smacv1,10,4297326593,3,1,1
3,0,14,True,70,25,2718351,True,False,monokan,4,smacv1-case-study-v2,4,smacv1,11,4297326593,3,1,2
3,0,14,True,71,26,2718352,True,False,monokan,4,smacv1-case-study-v2,4,smacv1,10,4297326593,3,1,1
3,0,14,True,72,25,2718353,True,False,monokan,4,smacv1-case-study-v2,4,smacv1,12,4297326593,3,1,1
3,1,14,True,73,26,2718354,True,False,monokan,4,smacv1-case-study-v2,4,smacv1,10,4297326593,3,1,1
2,0,9,True,74,25,2718355,True,False,monokan,4,smacv1-case-study-v2,4,smacv1,9,4297326593,2,1,1
3,0,14,True,75,24,2718356,True,False,monokan,4,smacv1-case-study-v2,4,smacv1,8,4297326593,3,1,1
2,0,9,True,76,28,2718357,True,False,monokan,4,smacv1-case-study-v2,4,smacv1,13,4297326593,2,1,1
3,0,14,True,77,28,2718358,True,False,monokan,4,smacv1-case-study-v2,4,smacv1,11,4297326593,3,1,1
3,0,13,True,78,24,2718359,True,False,monokan,4,smacv1-case-study-v2,4,smacv1,10,4297326593,3,1,1
3,0,13,True,79,24,2718360,True,False,monokan,4,smacv1-case-study-v2,4,smacv1,9,4297326593,3,1,2
2,0,8,True,80,25,2718361,True,False,monokan,4,smacv1-case-study-v2,4,smacv1,11,4297326593,2,1,1
3,0,13,True,81,26,2718362,True,False,monokan,4,smacv1-case-study-v2,4,smacv1,10,4297326593,3,1,1
3,0,14,True,82,26,2718363,True,False,monokan,4,smacv1-case-study-v2,4,smacv1,11,4297326593,3,1,1
3,0,13,True,83,26,2718364,True,False,monokan,4,smacv1-case-study-v2,4,smacv1,9,4297326593,3,1,1
3,0,14,True,84,26,2718365,True,False,monokan,4,smacv1-case-study-v2,4,smacv1,13,4297326593,3,1,1
5,0,18,True,85,23,2718366,True,False,monokan,5,smacv1-case-study-v2,5,smacv1,12,4297064449,5,1,3
3,0,13,True,86,28,2718367,True,False,monokan,4,smacv1-case-study-v2,4,smacv1,11,4297326593,3,1,1
3,0,14,True,87,28,2718368,True,False,monokan,4,smacv1-case-study-v2,4,smacv1,9,4297326593,3,1,1
3,0,14,True,88,25,2718369,True,False,monokan,4,smacv1-case-study-v2,4,smacv1,8,4297326593,3,1,1
3,0,13,True,89,27,2718370,True,False,monokan,4,smacv1-case-study-v2,4,smacv1,10,4297326593,3,1,1
3,0,12,True,90,23,2718371,True,False,monokan,4,smacv1-case-study-v2,4,smacv1,10,4297326593,3,1,1
3,0,14,True,91,29,2718372,True,False,monokan,4,smacv1-case-study-v2,4,smacv1,11,4297326593,3,1,1
3,0,13,True,92,25,2718373,True,False,monokan,4,smacv1-case-study-v2,4,smacv1,6,4297326593,3,1,2
3,0,12,True,93,24,2718374,True,False,monokan,4,smacv1-case-study-v2,4,smacv1,10,4297326593,3,1,1
3,0,14,True,94,27,2718375,True,False,monokan,4,smacv1-case-study-v2,4,smacv1,10,4297326593,3,1,1
3,0,14,True,95,25,2718376,True,False,monokan,4,smacv1-case-study-v2,4,smacv1,10,4297326593,3,1,1
3,0,13,True,96,24,2718377,True,False,monokan,4,smacv1-case-study-v2,4,smacv1,12,4297326593,3,1,2
3,1,13,True,97,25,2718378,True,False,monokan,4,smacv1-case-study-v2,4,smacv1,10,4297326593,3,1,2
3,0,12,True,98,27,2718379,True,False,monokan,4,smacv1-case-study-v2,4,smacv1,10,4297326593,3,1,1
3,0,13,True,99,26,2718380,True,False,monokan,4,smacv1-case-study-v2,4,smacv1,10,4297326593,3,1,1
2,0,10,True,0,28,2718281,True,False,qmix,4,smacv1-case-study-v2,5,smacv1,14,4297326593,2,1,1
5,0,21,True,1,26,2718282,True,False,qmix,4,smacv1-case-study-v2,5,smacv1,16,4297326593,5,1,3
2,0,9,True,2,29,2718283,True,False,qmix,4,smacv1-case-study-v2,5,smacv1,14,4297326593,2,1,1
3,0,14,True,3,26,2718284,True,False,qmix,4,smacv1-case-study-v2,5,smacv1,9,4297326593,3,1,2
3,0,15,True,4,28,2718285,True,False,qmix,4,smacv1-case-study-v2,5,smacv1,11,4297326593,3,1,2
9,0,37,True,5,19,2718286,True,False,qmix,4,smacv1-case-study-v2,5,smacv1,15,4297326593,9,1,4
3,0,14,True,6,28,2718287,True,False,qmix,4,smacv1-case-study-v2,5,smacv1,17,4297326593,3,1,2
9,1,36,True,7,22,2718288,False,False,qmix,4,smacv1-case-study-v2,5,smacv1,20,4297326593,,1,4
3,0,14,True,8,30,2718289,True,False,qmix,4,smacv1-case-study-v2,5,smacv1,16,4297326593,3,1,2
3,0,14,True,9,26,2718290,True,False,qmix,4,smacv1-case-study-v2,5,smacv1,13,4297326593,3,1,3
3,0,14,True,10,30,2718291,True,False,qmix,4,smacv1-case-study-v2,5,smacv1,12,4297326593,3,1,2
3,0,14,True,11,29,2718292,True,False,qmix,4,smacv1-case-study-v2,5,smacv1,12,4297326593,3,1,1
2,0,9,True,12,29,2718293,True,False,qmix,4,smacv1-case-study-v2,5,smacv1,10,4297326593,2,1,1
9,0,35,True,13,21,2718294,False,False,qmix,4,smacv1-case-study-v2,5,smacv1,13,4297326593,,1,4
3,0,15,True,14,28,2718295,True,False,qmix,4,smacv1-case-study-v2,5,smacv1,11,4297326593,3,1,2
3,0,14,True,15,28,2718296,True,False,qmix,4,smacv1-case-study-v2,5,smacv1,14,4297326593,3,1,3
3,0,14,True,16,26,2718297,True,False,qmix,4,smacv1-case-study-v2,5,smacv1,9,4297326593,3,1,1
9,0,37,True,17,26,2718298,False,False,qmix,4,smacv1-case-study-v2,5,smacv1,17,4297326593,,1,4
3,0,14,True,18,28,2718299,True,False,qmix,4,smacv1-case-study-v2,5,smacv1,11,4297326593,3,1,2
3,0,14,True,19,27,2718300,True,False,qmix,4,smacv1-case-study-v2,5,smacv1,11,4297326593,3,1,3
3,0,15,True,20,22,2718301,True,False,qmix,4,smacv1-case-study-v2,5,smacv1,9,4297326593,3,1,1
3,0,14,True,21,31,2718302,True,False,qmix,4,smacv1-case-study-v2,5,smacv1,11,4297326593,3,1,3
3,0,13,True,22,29,2718303,True,False,qmix,4,smacv1-case-study-v2,5,smacv1,10,4297326593,3,1,2
2,0,9,True,23,26,2718304,True,False,qmix,4,smacv1-case-study-v2,5,smacv1,14,4297326593,2,1,1
9,0,34,True,24,25,2718305,False,False,qmix,4,smacv1-case-study-v2,5,smacv1,12,4297326593,,1,4
3,1,14,True,25,25,2718306,True,False,qmix,4,smacv1-case-study-v2,5,smacv1,14,4297326593,3,1,1
4,0,18,True,26,30,2718307,True,False,qmix,4,smacv1-case-study-v2,5,smacv1,13,4297326593,4,1,3
3,0,14,True,27,29,2718308,True,False,qmix,4,smacv1-case-study-v2,5,smacv1,13,4297326593,3,1,2
9,0,39,True,28,25,2718309,False,False,qmix,4,smacv1-case-study-v2,5,smacv1,18,4297326593,,1,4
3,0,15,True,29,29,2718310,True,False,qmix,4,smacv1-case-study-v2,5,smacv1,12,4297326593,3,1,1
9,0,38,True,30,20,2718311,False,False,qmix,4,smacv1-case-study-v2,5,smacv1,15,4297326593,,1,4
3,1,15,True,31,26,2718312,True,False,qmix,4,smacv1-case-study-v2,5,smacv1,13,4297326593,3,1,2
2,0,9,True,32,27,2718313,True,False,qmix,4,smacv1-case-study-v2,5,smacv1,13,4297326593,2,1,1
2,0,9,True,33,29,2718314,True,False,qmix,4,smacv1-case-study-v2,5,smacv1,9,4297326593,2,1,1
3,0,13,True,34,24,2718315,True,False,qmix,4,smacv1-case-study-v2,5,smacv1,9,4297326593,3,1,1
3,0,14,True,35,29,2718316,True,False,qmix,4,smacv1-case-study-v2,5,smacv1,12,4297326593,3,1,3
2,0,10,True,36,30,2718317,True,False,qmix,4,smacv1-case-study-v2,5,smacv1,12,4297326593,2,1,1
3,0,14,True,37,27,2718318,True,False,qmix,4,smacv1-case-study-v2,5,smacv1,11,4297326593,3,1,2
3,1,13,True,38,30,2718319,True,False,qmix,4,smacv1-case-study-v2,5,smacv1,12,4297326593,3,1,2
3,0,15,True,39,33,2718320,True,False,qmix,4,smacv1-case-study-v2,5,smacv1,14,4297326593,3,1,2
3,1,13,True,40,26,2718321,True,False,qmix,4,smacv1-case-study-v2,5,smacv1,12,4297326593,3,1,2
3,0,15,True,41,33,2718322,True,False,qmix,4,smacv1-case-study-v2,5,smacv1,13,4297326593,3,1,3
3,0,14,True,42,30,2718323,True,False,qmix,4,smacv1-case-study-v2,5,smacv1,14,4297326593,3,1,2
4,0,17,True,43,26,2718324,True,False,qmix,4,smacv1-case-study-v2,5,smacv1,11,4297326593,4,1,2
3,0,14,True,44,26,2718325,True,False,qmix,4,smacv1-case-study-v2,5,smacv1,11,4297326593,3,1,2
3,1,14,True,45,22,2718326,True,False,qmix,4,smacv1-case-study-v2,5,smacv1,7,4297326593,3,1,1
3,0,14,True,46,24,2718327,True,False,qmix,4,smacv1-case-study-v2,5,smacv1,10,4297326593,3,1,2
9,0,34,True,47,22,2718328,False,False,qmix,4,smacv1-case-study-v2,5,smacv1,10,4297326593,,1,4
3,0,15,True,48,27,2718329,True,False,qmix,4,smacv1-case-study-v2,5,smacv1,12,4297326593,3,1,1
3,0,15,True,49,30,2718330,True,False,qmix,4,smacv1-case-study-v2,5,smacv1,10,4297326593,3,1,2
2,0,9,True,50,28,2718331,True,False,qmix,4,smacv1-case-study-v2,5,smacv1,13,4297326593,2,1,1
2,1,9,True,51,25,2718332,True,False,qmix,4,smacv1-case-study-v2,5,smacv1,10,4297326593,2,1,1
3,1,14,True,52,26,2718333,True,False,qmix,4,smacv1-case-study-v2,5,smacv1,12,4297326593,3,1,1
4,0,19,True,53,28,2718334,True,False,qmix,4,smacv1-case-study-v2,5,smacv1,16,4297326593,4,1,2
3,0,14,True,54,30,2718335,True,False,qmix,4,smacv1-case-study-v2,5,smacv1,12,4297326593,3,1,2
3,0,13,True,55,27,2718336,True,False,qmix,4,smacv1-case-study-v2,5,smacv1,12,4297326593,3,1,1
2,0,9,True,56,27,2718337,True,False,qmix,4,smacv1-case-study-v2,5,smacv1,10,4297326593,2,1,1
3,0,14,True,57,28,2718338,True,False,qmix,4,smacv1-case-study-v2,5,smacv1,12,4297326593,3,1,2
3,0,14,True,58,28,2718339,True,False,qmix,4,smacv1-case-study-v2,4,smacv1,14,4297326593,3,1,2
3,0,13,True,59,26,2718340,True,False,qmix,4,smacv1-case-study-v2,5,smacv1,10,4297326593,3,1,2
3,0,13,True,60,27,2718341,True,False,qmix,4,smacv1-case-study-v2,5,smacv1,10,4297326593,3,1,1
3,0,13,True,61,27,2718342,True,False,qmix,4,smacv1-case-study-v2,5,smacv1,16,4297326593,3,1,2
3,0,15,True,62,32,2718343,True,False,qmix,4,smacv1-case-study-v2,5,smacv1,14,4297326593,3,1,2
3,0,14,True,63,26,2718344,True,False,qmix,4,smacv1-case-study-v2,5,smacv1,16,4297326593,3,1,2
3,0,14,True,64,31,2718345,True,False,qmix,4,smacv1-case-study-v2,4,smacv1,16,4297326593,3,1,2
3,0,13,True,65,34,2718346,True,False,qmix,4,smacv1-case-study-v2,5,smacv1,16,4297326593,3,1,1
3,0,14,True,66,25,2718347,True,False,qmix,4,smacv1-case-study-v2,5,smacv1,9,4297326593,3,1,1
9,1,40,True,67,22,2718348,False,False,qmix,4,smacv1-case-study-v2,5,smacv1,19,4297326593,,1,4
9,0,38,True,68,26,2718349,False,False,qmix,4,smacv1-case-study-v2,5,smacv1,13,4297326593,,1,5
3,0,13,True,69,27,2718350,True,False,qmix,4,smacv1-case-study-v2,5,smacv1,13,4297326593,3,1,2
3,0,15,True,70,27,2718351,True,False,qmix,4,smacv1-case-study-v2,5,smacv1,11,4297326593,3,1,1
2,0,9,True,71,28,2718352,True,False,qmix,4,smacv1-case-study-v2,5,smacv1,11,4297326593,2,1,1
3,0,14,True,72,31,2718353,True,False,qmix,4,smacv1-case-study-v2,5,smacv1,12,4297326593,3,1,2
3,1,14,True,73,27,2718354,True,False,qmix,4,smacv1-case-study-v2,5,smacv1,10,4297326593,3,1,2
2,0,9,True,74,26,2718355,True,False,qmix,4,smacv1-case-study-v2,5,smacv1,9,4297326593,2,1,1
3,1,13,True,75,28,2718356,True,False,qmix,4,smacv1-case-study-v2,5,smacv1,12,4297326593,3,1,2
2,0,9,True,76,29,2718357,True,False,qmix,4,smacv1-case-study-v2,5,smacv1,9,4297326593,2,1,1
3,0,14,True,77,31,2718358,True,False,qmix,4,smacv1-case-study-v2,5,smacv1,11,4297326593,3,1,2
4,0,19,True,78,29,2718359,True,False,qmix,4,smacv1-case-study-v2,5,smacv1,10,4297326593,4,1,3
9,0,32,True,79,19,2718360,False,False,qmix,4,smacv1-case-study-v2,3,smacv1,11,4297326593,,1,4
2,0,9,True,80,26,2718361,True,False,qmix,4,smacv1-case-study-v2,5,smacv1,10,4297326593,2,1,1
3,0,13,True,81,33,2718362,True,False,qmix,4,smacv1-case-study-v2,5,smacv1,12,4297326593,3,1,2
3,0,13,True,82,26,2718363,True,False,qmix,4,smacv1-case-study-v2,5,smacv1,13,4297326593,3,1,1
3,0,14,True,83,26,2718364,True,False,qmix,4,smacv1-case-study-v2,5,smacv1,12,4297326593,3,1,2
4,1,19,True,84,25,2718365,True,False,qmix,4,smacv1-case-study-v2,4,smacv1,12,4297326593,4,1,2
3,0,14,True,85,30,2718366,True,False,qmix,4,smacv1-case-study-v2,5,smacv1,14,4297326593,3,1,2
3,0,13,True,86,28,2718367,True,False,qmix,4,smacv1-case-study-v2,5,smacv1,14,4297326593,3,1,1
2,0,10,True,87,29,2718368,True,False,qmix,4,smacv1-case-study-v2,5,smacv1,11,4297326593,2,1,1
3,0,14,True,88,27,2718369,True,False,qmix,4,smacv1-case-study-v2,5,smacv1,12,4297326593,3,1,2
3,0,13,True,89,28,2718370,True,False,qmix,4,smacv1-case-study-v2,5,smacv1,13,4297326593,3,1,1
3,0,14,True,90,28,2718371,True,False,qmix,4,smacv1-case-study-v2,5,smacv1,14,4297326593,3,1,3
3,0,14,True,91,30,2718372,True,False,qmix,4,smacv1-case-study-v2,5,smacv1,11,4297326593,3,1,2
9,0,37,True,92,25,2718373,False,False,qmix,4,smacv1-case-study-v2,5,smacv1,16,4297326593,,1,5
3,0,14,True,93,70,2718374,True,False,qmix,4,smacv1-case-study-v2,5,smacv1,12,4297326593,3,1,3
3,0,14,True,94,30,2718375,True,False,qmix,4,smacv1-case-study-v2,5,smacv1,14,4297326593,3,1,2
3,0,14,True,95,27,2718376,True,False,qmix,4,smacv1-case-study-v2,5,smacv1,9,4297326593,3,1,2
9,0,37,True,96,26,2718377,False,False,qmix,4,smacv1-case-study-v2,5,smacv1,19,4297326593,,1,4
2,0,9,True,97,31,2718378,True,False,qmix,4,smacv1-case-study-v2,5,smacv1,12,4297326593,2,1,1
3,0,13,True,98,27,2718379,True,False,qmix,4,smacv1-case-study-v2,5,smacv1,13,4297326593,3,1,1
3,0,14,True,99,27,2718380,True,False,qmix,4,smacv1-case-study-v2,5,smacv1,10,4297326593,3,1,2
